customer_id,signup_date,pincode
826ca3eb9274f2c5cb601881a16b7e33530e3bf3d1d824a669a16e33905b57dd,2025-07-06,560001
f93ea487a3f9a44a96b7af828fa8d04abfc27d7f9c8a720c40c3cb714ccde7b6,2025-08-13,380001
9916f75d49cf2eddcdac4f4c35274d6e39751ec203df1cc20dfb0816cdec9521,2026-03-14,380001
0d4ad1ab8cfabbee83c0c47ed22d81ef5dda121d6c73321f8260fcecec1f313a,2024-07-13,400050
7e2a24c813011cd83680221e67c4ac0a863ea7a476abb888c828a182cb9d5ad7,2025-11-05,452001
b861a625dab2222495fa6bade346141901175c4bda0bb9843c3ad3b59d19391d,2025-03-09,452001
73ba033068c56003bd2d9212017fb8b21bcf1c3acbcc665a3741609c16646c66,2026-06-03,176215
40120539ee484cff0fbfd33fb8209e23f3ae5456cf1a0b06563600b7c2fc1097,2025-11-20,841301
1eb338a189460aeebb1eceefead4451aff6619ab90fc98d14f8df018ef934c0e,2024-04-10,110020
e6d7cd0cfccdcf5074b6f5313144abf7be05cc5723fcd2580748fa3c3a90bd2f,2026-01-15,302001
aee2728636e439531bef3b570b57d369ea80c3228deae9f462a8ddd902cfaef0,2024-09-11,700001
d0edea88ea70b653ba8f097441d740e605d4815abf552fce2907f9e7cf61d99d,2025-07-03,226001
cd62f05e7fb52530b209b19d452e3a15c20e7cd3100b2d00054f05a0f615b099,2025-03-08,560034
6a6db79547d05b166c2b3585c6df4ea30bbb51955b6283136806f92bf42a0472,2025-04-18,600001
a95e6c0be0fb5e4fe90bd69cf725fa1b6087db5d76e5500164cf747eceee33b6,2025-03-29,834001
dc0492bb575edd8ce47274f196c9be3ec7f39cbc11335b5709d9a0e1090ef9a7,2024-04-10,110020
b04615faee3ac481e3ddf84d0345e1d446b00fccbdddc46d8bedd34bcfdc1207,2025-07-07,799001
59e0f4ba3cd3627b9ca8bc384d6c357f136908e2af1bce26e5f6feefdf94448e,2024-04-05,273001
d6f518ba79cd4dd78da4c7b43139099a9a6f5349e83978a0724c0c096c1f1e20,2024-06-19,452001
4b85369b1868096ea4fe42303b7f667715d7237fd7a20971f5b20fb292eae51c,2025-05-07,700001
a46fb279b7ff3b1334401a58be563ece99628504e0ebb7a38751d56c0f7eb1de,2026-07-13,110020
434d20c4ceed247e6d2c03ed3ceb81bafb918ae7fe54b9b862781a51a51b39b4,2025-01-23,110001
53381c5fc4f7c4e85b539ab23810a5eb8bfd4f44e99e83ed3d5e38e7e6cbe7ef,2024-09-28,273001
60693a43b3e815e18f883506a18b5f1bca314d15b3f8be9a5f9965354d8cddec,2024-10-19,452001
2aaf6850bcc188288b0808bf4eb578dc6f749a1ec8b3ffef3009ff235d13c9a3,2025-11-08,781001
a1e91752407c7884fd46ee1043d61c717c4f032be610800938c457dfe2261459,2024-06-07,700001
f51a76e57d482fa572743b95521f8be9790ec8d436ab8fc9836d2d7928ed0d49,2024-08-10,110020
b2a3e871ac4bab5644a9b2e669b8ee6fddb71657d4984603e92df52b738020d9,2026-01-23,530001
880cfa7b9a803952a7ffd2540343b7e293958bf26a2be2f775ba1e5bab61d585,2026-02-04,302001
6457de8f095c25b745cc0d26ef17d238ecbe877dbbc1f918cb66fb5f711f88bd,2024-02-21,462001
e390a6807b691c12275e862985df607f51b5030749be5c87528290724117389b,2025-05-29,273001
bde23e1bd1331c7de95c4ab4b49e8722be707f367376db33221b99d46564993a,2024-06-10,110020
0d806512d213c2dc5fb2b6445822fa439a3b4b2fdd7e7a29f48e50e2eed60478,2024-03-23,795001
a7015e80be830577bc93e4a92683e084a89a29ff1a8e4baf174c078f928f1a71,2024-03-11,248001
b3918b435da9406245384da1d9d01eb6d2038d14c62f7f656f98aa17d72a2c84,2025-11-22,795001
75df7a5a63e9d84701adbc8b74beeadc9e1cc9a33ad46c7dc52823547888a178,2025-02-17,400050
d1842cf46b369b897f753f836fe674a3bdbd2b1aad0f24b8ce9e8c6c6a4b9900,2024-09-09,462001
9276f96f676194a240da2529e04e55aa8893053821fe667701ca36f0a9a3118b,2024-02-10,248001
b75558db8e801b61b28142d125aba6918f2bfcbf4648293bcdf742ce6e57af48,2025-03-05,246701
cf0f023d75c9e7ed57c8f907105415dd3fec9e9a6ccd95a64b7a4c1e316731eb,2025-08-01,641001
8a5bfe35bc0dffa13d67f22745dbcb594cffbf5b018a2c0bd0437998e050674d,2026-08-15,500001
a5b2325e5c10c59c9728875d5be478147a659630c33ec9cd163462eb86fd1827,2025-11-16,781001
3df4ce61e781a4a8bd281ce7b6fbf9d9a5130b6f225dd59cded79d25e66245f5,2024-09-01,500001
779649dce773e3495be76c4e05f3fc289c509fb331834bc109c8048a1d98ae8f,2024-05-14,246701
0a345e4f296f700c142ba03881d55d62704f1619053f8d2e54c67e5935949418,2024-11-03,226001
9180eea98f4fd188130162887b842d68d7754a839fd88006470ae1147552b723,2026-08-09,364001
04889b0e809c8e8b93ae050a66b9a6570cf956965b7405320d396da38aaf8798,2024-01-10,226001
1890f3288c20bed3ecc787a94152165fab05011688474b8cd4d0d887ca47cdcc,2025-07-30,400050
252eba80ab84de0641950efaa74600d8927bcbcf6e9797849ca2ea69b043e0c9,2025-07-04,700001
b9c948e768e9d8fd7b6b465c0d800396b3a401ff041a4a4525bcc6999cc61b8f,2024-09-28,560001
5b85b75c437dfe07fd4323a8f0426c6348e91ff179c2df80b1b355ddf5615c00,2026-06-21,400001
33046fe1edd9366710ed7a181a31f2a74428c0eda13a7c58d2376e1aa3e70fb2,2025-01-13,411001
6bb97edfa1ad0f20358a8908d8941cf23169ce77d5d013d1751e075027a9720a,2025-03-24,799001
6998c0e984221d441b0d176086cca86e494761bd58ff1d4d8bf3429df8aa670a,2025-12-21,411001
32ab46e2f69ed6f9a74183be06e0729caffcec83cb7446fd540c2ecab7444cc9,2026-04-06,841301
2abfcf2f05482ba731983467393b2524d6a1d042daaac0189d2433b95282b05e,2024-01-09,246701
9b62531cf76e74a7416dcce0e3a9848553838531b42beef0d94ea057223a3541,2024-11-02,273001
ebfba6896e14c695309117a9e51f8e440a31fa42eaa735edccdfdfc6bccc6152,2024-04-16,851101
f9ccc7b545ed3d6bfc40540fb42776051b61560fa6a57a081077adaeb09cb889,2024-09-27,400050
29f448d058d9bda6a99d917f7a35af5ddc090f1a0d064734c516bf270f9f4b6a,2026-01-30,530001
4ca2886300a4091b273c1147072afe796f93856ac03c6064f4ed088c17d17c56,2024-10-05,411001
1439d6dda3643c5753bcf5dfe19890fd667d36866e1bdb896cc7384765a46694,2024-08-03,781001
1cf81c5e46bcf99d2ae2344c1dbe8c3d0ea467746f371617b53fecb4e88170d1,2024-07-27,246701
47d8746bd2b66bcd7524c9e4f7bd948536538be72a84f65f59c266e4387d91c8,2026-05-23,500001
98202bfea090fdeb8514ec7714471bd484f522579372e6dbb4029c3cecc5168c,2025-05-15,500001
1ae3e01e22c3ed299bec0eb21bc192fb7c4fa04e3154b8dbee045ecec12ccbd0,2024-04-04,841301
ce4aeb4aeb7e042ad3137effbdcb12846e2c64366778c8e452a99b4fc035a291,2026-04-29,500001
5c50cc39e30b4b0386da6f4d715561b557c3247cf26b073151dfdd0133899670,2024-01-04,302001
b95f3a43584e32453531ae39f2910144087a566ae7fae6c008d3de99c6e93a85,2025-10-14,500001
5ff68953b1f3b3a4d0585ba7677d961b798d2a4867d062e958a879e270bb7421,2026-01-29,226001
4107faa1e5ee37926d839d2234cd519629dcfa8aec30928430d8d1429e7fe4f5,2025-12-23,452001
26f6a8b2ca2b28a94e723e3d6d8e4834d6727942b061b67570751e09d08d91e3,2024-01-10,400050
c36887923c2e5987823c8603138ca59069c19d6e21d0cd28f5bce0a13078b84d,2026-08-25,851101
6bcad298d175cb648e0029793355a2a5fd682efcff29dda73aa1fc10de6e0efc,2025-07-12,110020
fbdc88017f80fb75fb1972eaa9a23a0485342dbffe7c8bba674b2b4e3394b290,2025-08-19,530001
d311a967747bab33b2bc0180b61453a2f319784f9c8c433716d8c54df2075141,2025-03-16,560001
c888eb28a40ea85bf356da3ccecd80da586278e451fbbdb74f61d4bb2b97cbb4,2024-11-11,141001
332ff4655ca28410391cc53201cea90c1da65477a410ded780e7fd848940a38c,2026-07-09,141001
c47246fde41cb7085f1428dd268f78844561de34373f41e33f6e387652af5bb1,2025-11-29,600001
103ed0bc53ff30d5862c89a71080527ad29663746ba0ee93106d63d747eeafcd,2024-04-15,141001
e8c3ec5c25a67b5b0637bc605bf097a1bce0e9d403addbfd5d80fdd8cf273592,2026-06-24,795001
7e2d7b176910013d99c88f2790524847ae5ea6ec43fcc69cd53ccaba016b96b5,2025-09-27,176215
f47c5a3efc1c6ca5dba8b43180c23e503124792b1a8047d8bfc1c136e35d0b2f,2026-08-05,273001
03e31ef9f8d8d847e80ff2f7cfc76a1e42684bc87015f4f1ea48b094e320f7dd,2026-06-04,560034
163542cffac27f7f31b09105ea51b56b0a85a7b8797079788d4608ecd07d87ca,2026-06-21,452001
d4e98d0f7a3b6fb40f1b8554856e855e3858940d1440e26163527742a8713319,2024-07-02,176215
837b9fd2eb8c8d9c3cf6b548b408af8a6890ffdd17678ace8210c34aba48f2d1,2026-03-12,273001
ac107e9d7a46919ab2e25edfe0f1d885f7917a1c8e0f3cb7e0e8b65e0dcabeac,2026-04-01,246701
f689d1e26c882755e77b24015ef33365580fd280d0b1feeab96b983b96669fa4,2024-09-30,560034
45586f9779210a1ed188b9e4f295c88e580479cc6119a0172909080c6766ec6c,2025-01-26,795001
6c36dc78b0ac15ec1fff4bcd64b84836d3eadbeab28bd858e48b522bb2200042,2026-05-29,380001
18edd58cec04efe724cc0178e4506a4595a2e1aaf07df02932db73d691cee4d5,2024-07-23,799001
7682af01e78deb53a59f82c249833c5ce8917a0bfd8aee8c9f999c5f6b4d6026,2024-12-24,411001
09cb08bb5739c6417f8d741c38d53c3bea9546efb321a5ac0f5f509babd430cc,2024-08-16,110001
a05e68a71529209361b345d740a62b391e6a8f1bdb63f6ba8339478ced40c142,2024-07-16,800001
18fe1d5da22778db5010343f2a42cfe0b105b303a6ad6a4601be0bf0ebcf7795,2024-10-12,795001
ea7ae5550edda2d9a4b38b2d71dc04b45813d7c6448326a73884f3b8833a015a,2026-03-02,500001
8fdb9196d5ea5d68e9d131d38c48a6f62ffa653eba1dd78700153b869c7b6cc6,2025-10-18,641001
8d76c70fae18129013e4f86574eacaf1f3d48df265a694c5e3dfd5a9570d3061,2025-11-26,799001
4afacc46f0ad02aad43b5d54b5e5598c59ae71978cfbd72e96f56853a7677e71,2024-12-05,110001
60dce5d16dd9aa099d4b885764d81afc0e4b2c424fe449ae6d4693b813afbc37,2026-06-17,500001
c4965b309ec299d0a1ded94e6adbf3e1276e0deb15eab60b0162e081f69087ee,2025-08-17,500001
e45ed7367e0e5bfb2e57907b5736b4cfd2fc66f4c3b9f17c0f07b86577378055,2024-04-21,248001
fb526e144c9d329fef672f58f7abcf96db845b1c2b7b3f02049cf034b33a0dae,2024-12-19,176215
c80bf955875498754e700e08a8d15a16a47d92276a5d3b3e6a5d785b16f6d2bb,2025-03-22,248001
84981666bd32c0d6dc30ec95aeede0971a0f92ea4715c263615195b7427ac323,2024-04-28,800001
957edb4f8208778a3c0f9110bc62423cdee5ed56c43a51486d430c7fb543cf67,2024-07-13,500001
80af19485b8f9aceb5592a5a61bac5274f77903c4ebbb3d556259e912f1c6a1e,2025-12-26,452001
cd8493f52153bf87e90bc7acfb5dd8741ebfc911baf8bac0dc3db6034a07bebc,2025-06-16,273001
137460979b5be60064913b8b925485478a820ee7715f159a33dc2c81a3224029,2025-12-04,176215
41634baee40c4db159a26b80e45a2f7b1b1595847703e294a40c89660d52a934,2024-07-20,141001
44ccb1dd4491f5d758457a82420819210b5de2a64d9908179bf89a4bc2049b2d,2024-03-12,246701
9184bc9f46ed202c39098be28e8f08acfcce8b53cec5e9609465ddb8e4fa7ca1,2025-09-30,302001
4b06a3fe4a2b9bdfbf7ccddbf7f3aa211ae46fa51ba2d5bf81367299798f2e3e,2026-05-18,400050
473c49bdaac1331f35febb46df4ad17768bebee6ea0a6079f3c4efb999d8379c,2025-06-03,411001
05fd223635652c096b32bb1ebc68df0c01be76fb340a94afbe5978b00f159b77,2025-02-22,302001
05c85835782e7964fe4c6295bfffbb7b58c15331ec8e14a2766622b752464c44,2025-12-14,411001
fa4bb678324775e139e68368db807784702e415a2e08ff6075fc17265294a814,2024-05-10,700001
22086bcd3b63c9e91e99d0b910179325876eacc5dc74d11ecf4be50a0fdd6a26,2025-11-11,800001
303310c6482bec69daddb4911a3f09286729e68b3424e330adb8f2425cda316a,2026-02-05,851101
cdcb5ab7a8ef488617d2f4e0149447752b220c7bb283168ed4ea1bd95403dead,2025-09-22,462001
ebf3062392f08175ced3b5a6fd2ae13b86315bf1afa7976d1c1d6870eb2fde47,2025-02-19,530001
a9fb1ec67302e8cbe2457c7ba8d366ca4884ae66608f213c3a8dc76d1d14d39e,2024-11-07,411001
aadb6aeefcc127b3e8454a3ed52bd8d640d6414561f625d1ddec60ba7c6789c2,2025-03-16,834001
d37d8a41717a7cbd92b01cce319acd460202c48669f361c53952f972041be734,2025-09-13,841301
5b11c7d0f2a3179f738870d61641ddf9509537c758c06ffbe3d895ddbfbd76f5,2025-04-21,226001
722d2f81f9044f170b7a99743514a90715cd4f2bc133c3a674683c7f12293e4f,2025-11-22,700001
33f58c41191b6ac0fcfa51613ab21453b6405ef0be1595ac1a8643083efdedef,2025-04-29,834001
82cd6d29b82272bceb4b9008b64351cc623923b755f20ce537c744deddc82811,2025-11-05,400001
8d0a3dddcefeb610790610cf093cd4f469a315259bb94a4f943a5a4fda132c80,2025-06-11,246701
baf45a4a0cc19e84c5f10c678ca158177adcfe4559b0d6755fe82de25923545e,2025-09-26,302001
cf366351adfcbe11e98d820d3ab730f001c9d6588d2d8e370e8f258aba446656,2026-04-18,364001
fb10a68d5002ccc32c3ed8542900247be71e854b515dec0662aba045c6a1c06f,2025-11-19,411001
47324a56ed03cbe71e767b657b2de5360ece2253500154cb68f627b89503a368,2026-04-05,700001
3d2af34d49a8b3be22ddb1ff3483157f204a2207b24c48e77612521fa390fe2d,2024-01-26,110020
1768c88626163f5aaf900894d4081243ca4a7f21a03cbfcef576376a816944a2,2025-05-01,248001
cf943c56427c7e9d17d12bbbd52a987f4b36cd6f4a37b87964f17cd1ffc62cdd,2025-04-11,452001
b5c656997eb2a91cf3b6bcf0a50c1e3d1b87073fb5e86a0c2685c7ae2719b7b1,2025-08-12,700001
e515d589a0b37e4cfd4511ac927c5095751f6b2f29cc1cb86716ae23a9c39ea5,2025-05-21,800001
1a957038ab4c9a2ab7b9315337c77142f8af181aa876ba0d4ca862684097061c,2024-05-31,841301
da5fda2cac62fac29794afc6c6c3549e97945e094c5ce3f9a6f223c9931bf756,2026-07-03,364001
1d289cb6d08bd0de0fcbd254d2e67055b9fe8fe462f8a23d3538671d5715868b,2026-03-08,452001
5bf786bec0287705ea1086d5a8daf641d9a7680ed5a91aeca4e52e540758ae54,2024-06-29,834001
ef4a6af36573cb53895044cbe5f431144ddc346af9aebfcc6d4c814a09a11d5d,2025-04-20,110020
5900d3d0312946fe0f0cb65ae53d125ca594951d59a4b41836bc83a16ab4e1bb,2024-09-12,273001
477ccda17d6d7375b498cca43d43dd3c2cb63bd8ab404eb942197a6252f97895,2025-04-12,560001
62c76739c74b90ed3f524a9bd53cacf2311a4fc04cef328fd4040b2314da0c88,2025-11-14,641001
e67a156c6473fea721cf1593fc589a2fd5c856f4b9275420d4e26ea39dabd670,2025-09-01,302001
1646fc67306ee951174388b9966a426c97563f8f000b8b8212dbb830f35d5a2a,2025-09-19,799001
eb0cc0677aa06d645688cca299023208ab2f36c89b93fd055e57d5036786b21f,2025-03-12,799001
5cd91524f568c5ce05090da4e7bd2f5c3f923635d7bd3e9ac972d48c90e6efb6,2025-04-01,851101
31cc6e65511571750238a4c85a8c713b7e43c9c61d0296516890c22a6f39eefd,2026-01-31,795001
c80e0f9378571a627e6fd14e9d0975101495797a3e6446ded57c8a41dfd4cd69,2025-04-05,500001
0ae129c1c62c9b3678d15828c4687d15db41b203b6d93d3e5ef9181bfbd232ff,2026-05-10,841301
c83faed918e8637fe61b534629c21e20869a2959c511b0dc27b2f6f4dc734bbe,2026-02-23,364001
41eacb5e9d273d5574b1fc777df2f068c9db72fb73aa7a72baad00e8acf3033d,2025-05-11,841301
a937b36105e5f249399a197680bbacba7fa6ac562b0065054036b5dd4c4cb9f6,2024-10-08,226001
654ab2f78c64326455e1bcab94f87001727236f931a4508caa9e3389b2d97dde,2025-12-31,411001
291f85a6953bcb58ee38050d7991faa512a6b77dadc3805b827ae95e95c76d0e,2024-10-05,302001
16e47ed39ce4a1781205e42796d2b145bbc16cb5eb25530e05ef8ca916b0e7ac,2026-07-03,530001
87928e3250507fb5e2b6ea5eb8d0424d5b2ce72148f0a03956e4186857b721ce,2024-05-21,560001
ba9f5ae2dbbdf467e0270336337ed2668335e0da4cd2853acced723ebde92ab7,2025-01-27,781001
534178e1d7604e406fd5d8c11ee1f202e1bbd1f73bcd3e49608cc10efe4be1d5,2025-12-24,700001
3bab027226d66a6bf12731e93472658d4410d0f184d33c89be8c50b0138e3e19,2025-02-28,452001
df149985894d4fae98383e14900145c1b959b70e952746dc228c639911d20561,2025-07-09,226001
32673ab8979916f5a3fdae4528ca5f03baa69626299b102b7e1e49d3b3d800bf,2024-03-04,700001
cdc9375a5bf5bcaa6e5139ce8d2190164d0fdf10380b81215f53979c77f9ff8b,2025-02-02,851101
1b87ad175cf5f8d95cea53d32d3454d11a0079805a3ae5fb0a31fd1a120cd229,2026-08-26,781001
4b755e02ec4ba001458e0938a79e3367f0ecc277e2d83c91580cbffdff58dd9a,2026-05-27,851101
1529fb30447f2e6c85c536498c893d9ec04b798536bc19ac7274e5f7f61bc669,2025-01-24,380001
77d7b0b6f0a2fefed99325b405c2b0df9df4eee3126b2d1c34c2caaa879f7a81,2026-08-23,141001
82df7bcd756d60bde69286473816e8ebb3814c1d0b4ff18ec8fba427377017eb,2026-02-10,800001
5141c52a4da0e2e13c9c3612ef9dc3b5a32804c3d58631e9e9a08455856b43fd,2025-07-05,176215
af82c2ffb81c75723f713bcda15b7f31923bd1b33d54058cb5025068825f49e4,2026-03-30,248001
8158b7d58e7b6bd74454d56a939f42b54557225dc2c17ce984e8f7d4da952752,2025-05-14,600001
6c9a720469fb8641709276c2a08c674765337ceb83788f6d610f8f1294bd3b59,2025-03-22,380001
3c9f0c8a2e19ebb93ca116e03e9d4ce1f7afd8d4ecaedaf7e8a6f1399186bcea,2025-02-02,302001
dcbc9dc643aa3f5e7b8c755da777adcc8ea3a99c931e386d32144d1cf0d1d179,2025-11-26,834001
73a9933b482488a2df67f49d2d1856eb309cfc7f9c814f692f3c4511504b6dd1,2026-01-11,560034
2ac7b954ba641d0eaf326a6dd65a44f693b14400d22d49e50396200fcc35005c,2026-07-30,560001
e3d637f95424325a1d5836ec661717feee129e5abdf36a2384dd7fe37e479d42,2025-06-30,110001
6e7832c59722dfc1a5353893a2686ce9a08935455d3170f346aad8a0647a83c7,2025-08-29,462001
ce3874c6697ed419f6dfd894bb8fc76084dacf1f4d9f28e7664061d7724ec755,2024-01-28,400001
600807af2da3aa5830900467521818ae396f6d1c0f6c0eff5f6c7f7039d9b312,2025-03-14,560001
932ee04a63d8411de0308038ee330bc41185ab381fd8199b6d6277f245c6b2e4,2024-07-05,110020
3606f91f0933d7d9fcd47c2daaa7c3086c1a3cc9ffdd1d99ef562302f92f00a2,2025-01-23,302001
f57281948bc4ed9d1f0d1e229bfe8ff6266124289bdf0faa92aa6efeed3da24c,2025-04-10,302001
6ce8d17c36c59053edc4e499cc37dc18acc0524f736a5abccb41e563d2051e6e,2026-02-18,851101
df1606427cc9cc1e3eefa36c2633d82ffd3340ea91035fdcc8c300834fd2c107,2024-10-11,364001
db56b0f14374d1efc5f0c2e3501dcdd709698cd6cae796c7df8111e316c28982,2024-09-15,799001
befe427d950fe0b50a6b8b122362995a85f146ef53a5a8edb5458ac87a6b2f8e,2025-04-26,110001
f97b9e4f4d324d5fee960057f4942943613842f2b48d620a10e81b12f70ed359,2024-02-23,141001
0fce2b58ca477ddad7503589f711a4f9736c926359cd27320b558da97f43ea0f,2025-10-27,400001
a378cde438015ab23e6fbdf677caf3b726556842737f97b6119e7f0d206f4bb6,2024-02-11,364001
c8891fd20a2a57877a3be58ab3d28e239a5e74294b6ea114796630bc1f5d8ef3,2026-08-30,600001
f4105051db521505742fa9d5be8fa015d433da89646495f204754f4d00f8cf40,2026-05-09,110001
002085a333aff0b4223c96c4580368b7bf9991668f3ee79b48b66c848d5b3c80,2024-06-05,600001
a6a2683c5447245581f7348e39d4aef60ed25dda03bc923a67c559cd3207a431,2025-04-29,246701
660f7806785fe55238c903fb20d2f941bf31166696664eb496fca3e8b71ae78c,2025-07-31,700001
297049aeb697d6eccf14252a9733fbbd4c64d2435a5e9f2ca71e7e592c71dad0,2025-12-17,500001
b11fa7c9ddc2338b4903db279e03dbb0e092d79e9b14d9450eb11be5de7c3430,2024-06-20,248001
92270fe617aca61b934010a4c399b2cb22c9e526ed8e1d12cf8a2171c1354849,2026-02-04,781001
783a3a76d6ff66053432770b6f3b0a63a856c1da061d5572aa7376ae5b98b8fc,2026-03-07,799001
b2cbb6d271a384cf2b77128e9c2d124a5bc0fc70229643d268c51a267dd431a8,2024-11-14,400050
4fdaad9a6444512e88e50908966394880d372d9fb8c2285ca635eb9f11a329c6,2024-01-27,273001
f4627b8acd3e0f0b99ab051187d0988ddeaf127ccf7b15dc2e7490a7d5d44772,2025-08-12,246701
3a450f47df9b661342857f5d666398499c25acf5dbe9a5ab4479a927449427c4,2025-02-10,781001
3c2f1a9ee524d762c1c33c307e28e974b9830e726057a04534543d2815351c25,2024-03-18,462001
55081966d992f54d80c69ee307c9edc023a7db00902b01161f2e7d5563cd06a5,2024-09-05,400050
bf24119bf1e5f954e379eda6feabadaa1d73f852637120bb291c038504749b54,2026-05-20,246701
1f639b7b4c36aacb74101febf78ad7022a98ec5e33b9bd3f95a45b4d492091a3,2026-04-04,400050
8fa8600e53c34f7cc43dbec6cbcffa20644174e4c0519326ba1b10f67d088af8,2026-03-12,110020
dc1a05401694471ff2c43fe7e0b9de44bf21560c9897961fd67061e8c9b2322e,2025-06-29,452001
9112a8abd975e03b1925e5a61f2600acf75bf2c488df7cf4c4f38dec30007149,2025-01-14,400001
ba6614c9bf30e29c5c5e4b4e2165bc33b6ef3270126df204cb05c407809116ce,2025-10-25,302001
4fb6983d6c161b9e64c730bb9d9f9cb0a12ee02ce5b283b0874d4f0978c402b0,2026-05-19,452001
d4b6e8219d45bbfddf7af76d3e562872878604b8ebf14e0faafb73038bc2c1fa,2024-04-18,452001
6a36331ad82976d59989cff3a0f6dfab3e5d3a77b5cd3fdc41b73d5b2b100e14,2025-10-12,851101
873506592c4dd2576cd771ee8ec594ddd5e0bd27ddcae813e9e6758e7b3ab38b,2025-12-25,560001
d22b778f0986ef28c52ff2d44a937d6f779cbc2ac7068238136cdaf31fa0575e,2024-06-29,176215
d28c7bb80db3b4d51059318802e468379994b514af53372b06a2f82d1a031d68,2025-10-28,500001
0054732bbecc63b050003f586c5812fd3ebe413a23360d34c9e45bff98c4b01c,2026-04-07,273001
5323f76b19be536c6babd7e9d8ae4dfe164b494818533f065bcc3f798112c2fc,2026-03-04,380001
9a8b4e2820ca74a7833ee9aec549095169a10664e5d209c7585179e0ded1e514,2025-03-22,799001
5235264673cd3d38cfa6c668ed7e4976454880df81ec5b33793654d34f2daecb,2024-10-01,302001
f09e22aa24d009ef67cb2e59aee831f0a6ca5d8ab23fd917b9706ebc05fe5289,2026-04-30,273001
ab21508e05a2a974eb24bc0929bd56df84a76ca344a6cbbb21e3c652774276ad,2024-10-12,851101
b6fc887da535eec6477d3b883fa962cbbdd24be8c8c8bcd4e40f5449ac7bed37,2024-09-06,364001
bbaf33bb340e8360fad7f9e4214c356c0f114c2abe03605fc31cf4599089507c,2025-08-06,248001
25dab259e236a34f864c5665b32b05b99a2436be2b6eb0831c1ea3dc27d64d83,2025-01-23,302001
22492764b8cedbd478f82c37705809397740558253930c6b5c2da4503fb9328a,2025-05-21,795001
64043da406124f51116371b4fd11554e3b65958f77fce63bfa72d4464da84579,2024-07-05,380001
46c0968c07fa3e0f70bcb71031efa46496806768a507ff2e458535d1c22aa8ab,2024-12-29,834001
efafd712e5fa6161e95e01042dfb959797ac1223b075e517a7b46466ef1ed475,2024-12-14,500001
a15082459e0d6588fe31c6efe7f5f0d98a47c07b9f56f0f8dbc5c4829749e712,2025-12-19,851101
d41340385520de548ed3974b4ee62103d8c5481e318a2475f1c138b805089d1a,2025-07-23,110001
f2074ca32124241877d0d46172d8989d6a30dfb470cc9777a7d9c6e093f57838,2026-08-28,700001
95238f2f24a1f560758f2bfd1f3f93619b776c337570e4acdd63525ff9ca4bc4,2024-09-04,176215
67dc57ec548e729c49b974b79b583a129932ccab35a58d6b1b69ad6fd27d66e6,2025-05-15,530001
6f59ded9c45a3303879cf89ee91d692a904cfd5cd28a6afd38dff983dcac1973,2025-12-08,380001
497d791379aa1c3beefce361f1a80363377916457b8fcfebc60c96f42d02cb8c,2025-12-29,380001
716065e9530497584a753e860d5f3c7aa6b633ecb42765f847b239cc4d2d7723,2026-03-22,110001
7b15818f733d0ebb16496e99e5e8597d575cd17ebbce809dee617d68937a5573,2024-10-28,600001
61ca8f270372ceeaf7002edd16b9840bc7c83b5aa5b4db4c21a8ffd2198388c5,2025-12-09,600001
c804e490fc342dc1379584e867f0671248ccd129478bd96f622683492ff11f46,2025-11-10,462001
9bb99cdb8f2970561443b3db93e0e7d5f676a3de9f16a3097ec88d8a18de0eef,2025-04-29,530001
745496071d23fb3e7731861c9b5a65ce8d42dd853e5c3df493a737a14aa04b4e,2024-12-18,452001
4f765f515e82666c7575ff00f3056ab96f981f263ae3c8022ea6613c5b619b8d,2024-12-04,141001
9bcfecab66700d78caab2b3edb39cc77ffada5105c05585a0b08e98005810116,2024-10-04,411001
8312560c26885c6ca846d123f1b9ff23f0bec6e0b7bbf34e9debadcdcaedb8bc,2024-08-24,400050
79e9cd1ae10c8300e5651ece4176b68e64d6486ea38b26591e752cabf251eb5e,2024-11-19,400050
e9c93b770bad751b76f850f35ac1125fb1c701efd4ff401ed451c0e71a252f50,2026-08-31,364001
ab137ea95b698b97bd176a1a468e228eb9ffbc51c2d2b7a8db98469c444e7db7,2024-07-15,700001
5d8f4f08afeb667e80c8078aa4858d34a6c9703f26c396a058091d4b20d130bc,2024-10-10,176215
b252fd91ed0952741ba35b404ffe0bdd1a20913da48f40bb4675d871bd7d6018,2026-02-17,641001
a6244f77cc21608c844d370073709c525fd30f980af5841e09531f3474f676c7,2024-10-16,400050
16bf5b1bc736b776a4fe513f5099a52edffe5da4e625f900cd4af2aba13a0785,2024-10-30,600001
b7aae3f5a7fe857aa4279af87b6f61a57de8419aedb31410b25190a46555aa2d,2024-07-02,411001
e216abdbe26329efcc00b6f04d2a63f839debd867048a06d36052dfeb3070dd1,2025-12-26,530001
fcde7fb17da20cd45ca0c66ad5eb9abd17cc4b4d588c2977a9f271931881dc8a,2024-10-07,110020
8f425c9f52dc8b308dbcfdc8d1e0b20327881cd7de72d7993596ab3787a2b365,2025-07-20,411001
ebed19d3c521399b2604e1285de3ac547b1eec08187974b9695638b41ddb6994,2025-10-15,795001
f82bfdcf8fcadf5e95fa29436c260369739dcca4afd0c2c3850266d5d41cf612,2024-04-15,795001
e6fa31e27b35bf25857cb7939e37e4e7b14f56b0ad85f8beee0014f2f62dd067,2025-08-10,411001
8b87f07da9716969ebfd69614a24337141793380192f55494317d06096b0b7c5,2025-05-05,226001
748a7c4d286deb82a4533ebc061540c61e18747e362978b0872acbb96ea64c7d,2024-07-07,110020
786e394dfa81db0e331bd00bddcc187319ed750319914c8a3b8402ef78e9c359,2026-08-21,795001
9e4b82ae3d5fbf79e5399efc8ac19724e6f271b13247f53e71a4ecb413074201,2024-04-26,799001
67a2937e0cda4086100c8009cb706be700517c0214d76cf260cf86bd1876a807,2025-02-14,380001
e6e695e615574e730a279625802e117dc62c4d04f57786dcde2c2565d680bbe7,2025-08-13,841301
a0384f89a6fccea23e697729d2266c3853980ec5162c6b7047ffb28ce48614a0,2024-02-24,560001
8bb9eea8ff352b83f4ecd499c9074e14ccf4f47029ddc2f2b12a380663330cdb,2026-04-10,462001
bf8e9520b2705d482eebb08b345f852331d24e627908ea1d2f96eac1c1439969,2024-03-28,600001
bf2c27e1647db7f2c8612708b1f6c583bdbb7fcb879b4a1f0217e9ba7a2c1f20,2025-07-25,364001
6205849e8db31ef8ea759e622edd56ebdc796671aea90cbddacd6cdbbc3022d1,2025-09-12,248001
e825ee7785b2d0e5ee07c3a12122ced97ee7accebb304ec26f97b5a523aa61c0,2024-08-19,364001
580cf8d120d2f89e2e5fce4a185f65405267cb7c8e0e7130108f51c1a801a81f,2025-01-24,226001
bad34b6c12bca992128b17a838b1349c114237b69a5798a558fcc1bcc4a38726,2024-10-31,795001
7510ea07990eb76e423042c50cab548e802251f31b08bf3a03254546ae8684a6,2025-03-15,411001
ab9195748bba3d0cd9e452dc04a9469cd759262a33b6640143359140f9431cee,2025-09-27,110020
7454eb320a2fdab8fa97907a0ba0d7b8112cf5dae118caecbe4f9954eb591dd1,2026-01-27,400050
12d3e4154e2bc7bfca0503ccfe0cfe6c284817b276017964033b092dd9f2adb0,2025-10-02,700001
58e157609cd3bb55002c28143bec7a77cb5ed1555a3bd3e04fe0fc8a0d02927f,2025-11-07,400001
174ccf791e1a704d54ce76d4752852c1a6589644d3b8fc0f09bef28ace438881,2024-09-02,560034
259d3729f36f7d3cf3230c231b3c11544eb13509dd4ee0c3e9bd7e7468d6be2c,2024-03-17,560034
919bfbfc24d822b01abf0a0bf119b27bcc3fcd5479e6e677adfa947ac9e7e81f,2025-02-22,226001
5df092e76c6fb05acce2c57217b2d6e23b01482e6434515bdc569439f9f05433,2025-04-26,411001
e3abe741528c12fd98b1c47f8fe815896b8a5f25d84cb2b129da3799a85bbb93,2024-08-25,411001
1b489e2b9b5cfc14cffbad47d1d2e38ae57cd6a0f67226f22463c2bbfa44eb4e,2025-12-20,795001
b04e6efa2f7b58c0df5e28eb63d71f292dc4b573c67293bc7728709e0ab6a1f4,2024-03-13,246701
9ecca41aa87f3da03e3180ab150b3aaf42fa7b87f9de273b9902e394e95f4357,2026-08-04,500001
793b18accc1bc68043a8409aae275069547ba7a80f1d29044667d5b52fe86862,2025-08-26,246701
f629643e8fc3781b1e9bf5454ff4896916fc7772b393680a6ab3fdb95f8720a8,2025-03-11,400050
2d4ac7a2c1ad6162467f10f5bb0d28cce5ea7b2b6571f0726690627720180aa2,2024-08-18,841301
c307a6dca7b8f04b891e4302f53ee02d4ffde4619ab4acd75273e5863d278a31,2026-07-19,500001
72b79e4ae06948a008c50be7f5284ec2f852396a5881173b2a21a261f6ea6b50,2024-03-14,110020
06816333db145f905165067babe2f760474b919729fe55660829b6b53424dc75,2026-03-22,411001
0c8c75a131745ace53fb693fae05144a3a4f70cb7c4c40d934b489fd59b7a654,2026-02-05,799001
f215918299d3d3e7f13ea1bace09ed0ecd8976ad8ca8f282c389573a777d079b,2026-08-01,411001
e940baf46273ace88a116e5468cd4e5231e8f318211ecc4429c2a09d2be074f1,2024-05-07,226001
