pincode,tier,smoothed_rto_rate,order_count
110001,1,0.1014,1512
110020,1,0.1156,1562
400001,1,0.1434,1451
400050,1,0.1897,1441
560001,1,0.1677,1483
560034,1,0.198,1575
700001,1,0.1026,1615
600001,1,0.179,1574
500001,1,0.0951,1518
411001,1,0.0837,1453
302001,2,0.2086,1018
141001,2,0.1379,1032
800001,2,0.2317,953
452001,2,0.2565,978
226001,2,0.2712,1022
380001,2,0.2252,973
641001,2,0.211,1071
530001,2,0.2535,910
462001,2,0.246,939
248001,2,0.1734,944
841301,3,0.3765,414
246701,3,0.3074,500
781001,3,0.382,511
176215,3,0.3312,550
364001,3,0.3633,430
834001,3,0.3377,495
799001,3,0.3157,512
795001,3,0.3119,488
851101,3,0.3211,466
273001,3,0.2911,400
